Business Name,Email,First Name,Last Name,Phone,Website,City,State,Rating,Reviews,Competitor Name,Competitor Short,Competitor Reviews,Greeting,Subject Line,Opening Line,Pain Point,Competitor Intel,Solution Bullets,Guarantee,Urgency,CTA,PS Line,Priority Score,Segment,Location Tier
Asthetik Skin Medical Spa Mclean,info@asthetikskin.com,,,+15715625855,asthetikskin.com,McLean,VA,5.0,13,Anastasia Medical Aesthetics,Anastasia Medical,325,Hi there,"","I was researching Medical Spa in McLean for a client project, and I noticed something concerning about Asthetik Skin Medical Spa Mclean's online presence compared to Anastasia Medical Aesthetics.","Here's what's happening: Anastasia Medical Aesthetics shows up for nearly every search while Asthetik Skin Medical Spa Mclean is buried on page 2 or 3. They have 325 reviews to your 13, so Google assumes they're more trustworthy. Even when someone searches for YOUR business by name, Anastasia Medical often appears right next to you.","I did a quick analysis: Anastasia Medical gets 3x more visibility than you for high-intent searches. They're not better - they just optimized their Google presence. The good news? Their weak spots are easy to exploit.","✓ Get you ranking #1-3 on Google Maps for your top 5 keywords
✓ Generate 30-50 authentic 5-star reviews in 90 days (100% legitimate)
✓ Fix the website technical issues causing 60% of visitors to leave
✓ Set up conversion tracking so you know exactly how many customers come from Google
✓ Create a review automation system that runs on autopilot","I guarantee in 90 days: Top 3 Google Maps ranking for at least 3 of your main keywords, minimum 30 new authentic reviews, and at least 15 trackable leads from Google - or you pay absolutely nothing. No contracts, cancel anytime.","I only work with one Medical Spa per area. I've been in discussions with Anastasia Medical, but honestly, I think Asthetik Skin Medical Spa Mclean has more potential. I need to make a decision by Friday.","Reply ""SHOW ME"" and I'll send a 5-minute video breaking down exactly what Anastasia Medical is doing to beat you, and the 3 quick fixes that would put Asthetik Skin Medical Spa Mclean on top. No sales call - just watch the video and decide if it makes sense.","P.S. While Asthetik Skin Medical Spa Mclean stays stuck at 13 reviews, Anastasia Medical is actively growing. The gap widens every month.",90,Critical - Very Low Reviews,Local - VA
Skinkure Spa,hello@skinkure.com,The,Medical,+17033565111,skinkure.com,McLean,VA,5.0,9,Anastasia Medical Aesthetics,Anastasia Medical,325,Hi The,"The, Anastasia Medical has 325 reviews to your 9","I was researching Healthcare in McLean for a client project, and I noticed something concerning about Skinkure Spa's online presence compared to Anastasia Medical Aesthetics.","Here's what's happening: Anastasia Medical Aesthetics shows up for nearly every search while Skinkure Spa is buried on page 2 or 3. They have 325 reviews to your 9, so Google assumes they're more trustworthy. Even when someone searches for YOUR business by name, Anastasia Medical often appears right next to you.","I did a quick analysis: Anastasia Medical gets 3x more visibility than you for high-intent searches. They're not better - they just optimized their Google presence. The good news? Their weak spots are easy to exploit.","✓ Get you ranking #1-3 on Google Maps for your top 5 keywords
✓ Generate 30-50 authentic 5-star reviews in 90 days (100% legitimate)
✓ Fix the website technical issues causing 60% of visitors to leave
✓ Set up conversion tracking so you know exactly how many customers come from Google
✓ Create a review automation system that runs on autopilot","I guarantee in 90 days: Top 3 Google Maps ranking for at least 3 of your main keywords, minimum 30 new authentic reviews, and at least 15 trackable leads from Google - or you pay absolutely nothing. No contracts, cancel anytime.","I only work with one business per area. I've been in discussions with Anastasia Medical, but honestly, I think Skinkure Spa has more potential. I need to make a decision by Friday.","Reply ""SHOW ME"" and I'll send a 5-minute video breaking down exactly what Anastasia Medical is doing to beat you, and the 3 quick fixes that would put Skinkure Spa on top. No sales call - just watch the video and decide if it makes sense.","P.S. Skinkure Spa's 9 reviews put you below Google's minimum threshold for local pack visibility. Every day without action = lost customers.",90,Critical - Very Low Reviews,Local - VA
Flawless Beauty Medical Spa,zahramohseni@flawlessbeautymedicalspa.com,,,+12028085818,flawlessbeautymedicalspa.com,McLean,VA,4.8,19,Anastasia Medical Aesthetics,Anastasia Medical,325,Hi there,"","I was researching Medical Spa in McLean for a client project, and I noticed something concerning about Flawless Beauty Medical Spa's online presence compared to Anastasia Medical Aesthetics.","Here's what's happening: Anastasia Medical Aesthetics shows up for nearly every search while Flawless Beauty Medical Spa is buried on page 2 or 3. They have 325 reviews to your 19, so Google assumes they're more trustworthy. Even when someone searches for YOUR business by name, Anastasia Medical often appears right next to you.","I did a quick analysis: Anastasia Medical gets 3x more visibility than you for high-intent searches. They're not better - they just optimized their Google presence. The good news? Their weak spots are easy to exploit.","✓ Get you ranking #1-3 on Google Maps for your top 5 keywords
✓ Generate 30-50 authentic 5-star reviews in 90 days (100% legitimate)
✓ Fix the website technical issues causing 60% of visitors to leave
✓ Set up conversion tracking so you know exactly how many customers come from Google
✓ Create a review automation system that runs on autopilot","I guarantee in 90 days: Top 3 Google Maps ranking for at least 3 of your main keywords, minimum 30 new authentic reviews, and at least 15 trackable leads from Google - or you pay absolutely nothing. No contracts, cancel anytime.","I only work with one Medical Spa per area. I've been in discussions with Anastasia Medical, but honestly, I think Flawless Beauty Medical Spa has more potential. I need to make a decision by Friday.","Reply ""SHOW ME"" and I'll send a 5-minute video breaking down exactly what Anastasia Medical is doing to beat you, and the 3 quick fixes that would put Flawless Beauty Medical Spa on top. No sales call - just watch the video and decide if it makes sense.","P.S. While Flawless Beauty Medical Spa stays stuck at 19 reviews, Anastasia Medical is actively growing. The gap widens every month.",90,Critical - Very Low Reviews,Local - VA
TruIdentity Spa by Jamyra,info@truidentityspa.com,Jamyra,Alexander,+17032860339,truidentityspa.com,McLean,VA,4.9,45,Anastasia Medical Aesthetics,Anastasia Medical,325,Hi Jamyra,"Jamyra, Anastasia Medical has 325 reviews to your 45","I was researching Healthcare in McLean for a client project, and I noticed something concerning about TruIdentity Spa by Jamyra's online presence compared to Anastasia Medical Aesthetics.","Here's what's happening: Anastasia Medical Aesthetics shows up for nearly every search while TruIdentity Spa by Jamyra is buried on page 2 or 3. They have 325 reviews to your 45, so Google assumes they're more trustworthy. Even when someone searches for YOUR business by name, Anastasia Medical often appears right next to you.","I did a quick analysis: Anastasia Medical gets 3x more visibility than you for high-intent searches. They're not better - they just optimized their Google presence. The good news? Their weak spots are easy to exploit.","✓ Get you ranking #1-3 on Google Maps for your top 5 keywords
✓ Generate 30-50 authentic 5-star reviews in 90 days (100% legitimate)
✓ Fix the website technical issues causing 60% of visitors to leave
✓ Set up conversion tracking so you know exactly how many customers come from Google
✓ Create a review automation system that runs on autopilot","I guarantee in 90 days: Top 3 Google Maps ranking for at least 3 of your main keywords, minimum 30 new authentic reviews, and at least 15 trackable leads from Google - or you pay absolutely nothing. No contracts, cancel anytime.","I only work with one business per area. I've been in discussions with Anastasia Medical, but honestly, I think TruIdentity Spa by Jamyra has more potential. I need to make a decision by Friday.","Reply ""SHOW ME"" and I'll send a 5-minute video breaking down exactly what Anastasia Medical is doing to beat you, and the 3 quick fixes that would put TruIdentity Spa by Jamyra on top. No sales call - just watch the video and decide if it makes sense.","P.S. While TruIdentity Spa by Jamyra stays stuck at 45 reviews, Anastasia Medical is actively growing. The gap widens every month.",90,High - Low Reviews,Local - VA
Elite Medical Spa,elitemedspallc@gmail.com,,,+17033563720,elitemedspallc.com,Vienna,VA,5.0,34,Milani MedSpa,Milani MedSpa,369,Hi there,"","I was researching Medical Spa in Vienna for a client project, and I noticed something concerning about Elite Medical Spa's online presence compared to Milani MedSpa.","Here's what's happening: Milani MedSpa shows up for nearly every search while Elite Medical Spa is buried on page 2 or 3. They have 369 reviews to your 34, so Google assumes they're more trustworthy. Even when someone searches for YOUR business by name, Milani MedSpa often appears right next to you.","I did a quick analysis: Milani MedSpa gets 3x more visibility than you for high-intent searches. They're not better - they just optimized their Google presence. The good news? Their weak spots are easy to exploit.","✓ Get you ranking #1-3 on Google Maps for your top 5 keywords
✓ Generate 30-50 authentic 5-star reviews in 90 days (100% legitimate)
✓ Fix the website technical issues causing 60% of visitors to leave
✓ Set up conversion tracking so you know exactly how many customers come from Google
✓ Create a review automation system that runs on autopilot","I guarantee in 90 days: Top 3 Google Maps ranking for at least 3 of your main keywords, minimum 30 new authentic reviews, and at least 15 trackable leads from Google - or you pay absolutely nothing. No contracts, cancel anytime.","I only work with one Medical Spa per area. I've been in discussions with Milani MedSpa, but honestly, I think Elite Medical Spa has more potential. I need to make a decision by Friday.","Reply ""SHOW ME"" and I'll send a 5-minute video breaking down exactly what Milani MedSpa is doing to beat you, and the 3 quick fixes that would put Elite Medical Spa on top. No sales call - just watch the video and decide if it makes sense.","P.S. While Elite Medical Spa stays stuck at 34 reviews, Milani MedSpa is actively growing. The gap widens every month.",90,High - Low Reviews,Local - VA
Sample Medical Spa,info@samplemedspa.com,,,,samplemedspa.com,Ashburn,VA,4.5,127,ARIA Medi Spa,ARIA Medi Spa,716,Hi there,"","I was researching Medical Spa in Ashburn for a client project, and I noticed something concerning about Sample Medical Spa's online presence compared to ARIA Medi Spa.","Here's what's happening: ARIA Medi Spa shows up for nearly every search while Sample Medical Spa is buried on page 2 or 3. They have 716 reviews to your 127, so Google assumes they're more trustworthy. Even when someone searches for YOUR business by name, ARIA Medi Spa often appears right next to you.","I did a quick analysis: ARIA Medi Spa gets 3x more visibility than you for high-intent searches. They're not better - they just optimized their Google presence. The good news? Their weak spots are easy to exploit.","✓ Get you ranking #1-3 on Google Maps for your top 5 keywords
✓ Generate 30-50 authentic 5-star reviews in 90 days (100% legitimate)
✓ Fix the website technical issues causing 60% of visitors to leave
✓ Set up conversion tracking so you know exactly how many customers come from Google
✓ Create a review automation system that runs on autopilot","I guarantee in 90 days: Top 3 Google Maps ranking for at least 3 of your main keywords, minimum 30 new authentic reviews, and at least 15 trackable leads from Google - or you pay absolutely nothing. No contracts, cancel anytime.","I only work with one Medical Spa per area. I've been in discussions with ARIA Medi Spa, but honestly, I think Sample Medical Spa has more potential. I need to make a decision by Friday.","Reply ""SHOW ME"" and I'll send a 5-minute video breaking down exactly what ARIA Medi Spa is doing to beat you, and the 3 quick fixes that would put Sample Medical Spa on top. No sales call - just watch the video and decide if it makes sense.","P.S. While Sample Medical Spa stays stuck at 127 reviews, ARIA Medi Spa is actively growing. The gap widens every month.",85,Medium - Competitor Dominating,Local - VA
RxWellness Aesthetics & Anti-Aging,Request-medspa@rxwellness.com,,,,,Ashburn,VA,5.0,284,ARIA Medi Spa,ARIA Medi Spa,716,Hi there,"","I was researching Aesthetics in Ashburn for a client project, and I noticed something concerning about RxWellness Aesthetics & Anti-Aging's online presence compared to ARIA Medi Spa.","Here's what's happening: ARIA Medi Spa shows up for nearly every search while RxWellness Aesthetics & Anti-Aging is buried on page 2 or 3. They have 716 reviews to your 284, so Google assumes they're more trustworthy. Even when someone searches for YOUR business by name, ARIA Medi Spa often appears right next to you.","I did a quick analysis: ARIA Medi Spa gets 3x more visibility than you for high-intent searches. They're not better - they just optimized their Google presence. The good news? Their weak spots are easy to exploit.","✓ Get you ranking #1-3 on Google Maps for your top 5 keywords
✓ Generate 30-50 authentic 5-star reviews in 90 days (100% legitimate)
✓ Fix the missing website that's costing you 40% of potential customers
✓ Set up conversion tracking so you know exactly how many customers come from Google
✓ Create a review automation system that runs on autopilot","I guarantee in 90 days: Top 3 Google Maps ranking for at least 3 of your main keywords, minimum 30 new authentic reviews, and at least 15 trackable leads from Google - or you pay absolutely nothing. No contracts, cancel anytime.","I only work with one Aesthetics per area. I've been in discussions with ARIA Medi Spa, but honestly, I think RxWellness Aesthetics & Anti-Aging has more potential. I need to make a decision by Friday.","Reply ""SHOW ME"" and I'll send a 5-minute video breaking down exactly what ARIA Medi Spa is doing to beat you, and the 3 quick fixes that would put RxWellness Aesthetics & Anti-Aging on top. No sales call - just watch the video and decide if it makes sense.","P.S. RxWellness Aesthetics & Anti-Aging doesn't have a website on Google. You're losing 40% of potential customers who research before calling. This is the easiest fix.",75,Medium - No Website,Local - VA
Skin & Laser Dermatology Center McLean,info@bderm.com,,,+17038931114,bderm.com,McLean,VA,4.7,442,,competitor,,Hi there,"","I specialize in helping Other dominate their local market, and Skin & Laser Dermatology Center McLean caught my attention as having massive untapped potential in McLean.","Skin & Laser Dermatology Center McLean should be the obvious choice for your services in McLean, but online visibility gaps are sending those customers elsewhere. Small fixes could bring 20-30 new customers monthly.","Three competitors in McLean are using simple Google strategies to dominate. Skin & Laser Dermatology Center McLean could easily outrank them with the right approach.","✓ Get you ranking #1-3 on Google Maps for your top 5 keywords
✓ Generate 30-50 authentic 5-star reviews in 90 days (100% legitimate)
✓ Fix the website technical issues causing 60% of visitors to leave
✓ Set up conversion tracking so you know exactly how many customers come from Google
✓ Create a review automation system that runs on autopilot","I guarantee in 90 days: Top 3 Google Maps ranking for at least 3 of your main keywords, minimum 30 new authentic reviews, and at least 15 trackable leads from Google - or you pay absolutely nothing. No contracts, cancel anytime.","I'm taking on 3 Northern Virginia clients this quarter. Skin & Laser Dermatology Center McLean would be perfect, but I have 7 businesses interested. First come, first served.","Reply ""SHOW ME"" and I'll send a 5-minute video breaking down exactly what your competitors are doing to beat you, and the 3 quick fixes that would put Skin & Laser Dermatology Center McLean on top. No sales call - just watch the video and decide if it makes sense.","P.S. I analyzed Skin & Laser Dermatology Center McLean's Google presence - you're getting traffic but not converting. Quick fixes could 3x your leads from existing visitors.",75,Low - Maintenance,Local - VA
SkinSpirit McLean,mclean@skinspirit.com,,,+15716484600,skinspirit.com,McLean,VA,4.9,89,Skin & Laser Dermatology Center McLean,Skin &,442,Hi there,"","I was researching Other in McLean for a client project, and I noticed something concerning about SkinSpirit McLean's online presence compared to Skin & Laser Dermatology Center McLean.","Here's what's happening: Skin & Laser Dermatology Center McLean shows up for nearly every search while SkinSpirit McLean is buried on page 2 or 3. They have 442 reviews to your 89, so Google assumes they're more trustworthy. Even when someone searches for YOUR business by name, Skin & often appears right next to you.","I did a quick analysis: Skin & gets 3x more visibility than you for high-intent searches. They're not better - they just optimized their Google presence. The good news? Their weak spots are easy to exploit.","✓ Get you ranking #1-3 on Google Maps for your top 5 keywords
✓ Generate 30-50 authentic 5-star reviews in 90 days (100% legitimate)
✓ Fix the website technical issues causing 60% of visitors to leave
✓ Set up conversion tracking so you know exactly how many customers come from Google
✓ Create a review automation system that runs on autopilot","I guarantee in 90 days: Top 3 Google Maps ranking for at least 3 of your main keywords, minimum 30 new authentic reviews, and at least 15 trackable leads from Google - or you pay absolutely nothing. No contracts, cancel anytime.","I only work with one business per area. I've been in discussions with Skin &, but honestly, I think SkinSpirit McLean has more potential. I need to make a decision by Friday.","Reply ""SHOW ME"" and I'll send a 5-minute video breaking down exactly what Skin & is doing to beat you, and the 3 quick fixes that would put SkinSpirit McLean on top. No sales call - just watch the video and decide if it makes sense.","P.S. While SkinSpirit McLean stays stuck at 89 reviews, Skin & is actively growing. The gap widens every month.",50,Medium - Needs Growth,Local - VA
DermaGlow Medspa,info@dermaglowmed.com,Daleen,Elshaer,+17032883000,dermaglowmed.com,McLean,VA,4.5,128,Anastasia Medical Aesthetics,Anastasia Medical,325,Hi Daleen,"Daleen, saw DermaGlow Medspa online...","I was researching Medical Spa in McLean for a client project, and I noticed something concerning about DermaGlow Medspa's online presence compared to Anastasia Medical Aesthetics.","Here's what's happening: Anastasia Medical Aesthetics shows up for nearly every search while DermaGlow Medspa is buried on page 2 or 3. They have 325 reviews to your 128, so Google assumes they're more trustworthy. Even when someone searches for YOUR business by name, Anastasia Medical often appears right next to you.","I did a quick analysis: Anastasia Medical gets 3x more visibility than you for high-intent searches. They're not better - they just optimized their Google presence. The good news? Their weak spots are easy to exploit.","✓ Get you ranking #1-3 on Google Maps for your top 5 keywords
✓ Generate 30-50 authentic 5-star reviews in 90 days (100% legitimate)
✓ Fix the website technical issues causing 60% of visitors to leave
✓ Set up conversion tracking so you know exactly how many customers come from Google
✓ Create a review automation system that runs on autopilot","I guarantee in 90 days: Top 3 Google Maps ranking for at least 3 of your main keywords, minimum 30 new authentic reviews, and at least 15 trackable leads from Google - or you pay absolutely nothing. No contracts, cancel anytime.","I only work with one Medical Spa per area. I've been in discussions with Anastasia Medical, but honestly, I think DermaGlow Medspa has more potential. I need to make a decision by Friday.","Reply ""SHOW ME"" and I'll send a 5-minute video breaking down exactly what Anastasia Medical is doing to beat you, and the 3 quick fixes that would put DermaGlow Medspa on top. No sales call - just watch the video and decide if it makes sense.","P.S. While DermaGlow Medspa stays stuck at 128 reviews, Anastasia Medical is actively growing. The gap widens every month.",50,Low - Maintenance,Local - VA
Tiam Spa Aesthetics & Wellness,tiam@tiamspa.com,Tiam,Kazemi,+15714691557,tiamspa.com,McLean,VA,4.7,159,Anastasia Medical Aesthetics,Anastasia Medical,325,Hi Tiam,"Tiam, saw Tiam Spa Aesthetics & Wellness online...","I was researching Aesthetics in McLean for a client project, and I noticed something concerning about Tiam Spa Aesthetics & Wellness's online presence compared to Anastasia Medical Aesthetics.","Here's what's happening: Anastasia Medical Aesthetics shows up for nearly every search while Tiam Spa Aesthetics & Wellness is buried on page 2 or 3. They have 325 reviews to your 159, so Google assumes they're more trustworthy. Even when someone searches for YOUR business by name, Anastasia Medical often appears right next to you.","I did a quick analysis: Anastasia Medical gets 3x more visibility than you for high-intent searches. They're not better - they just optimized their Google presence. The good news? Their weak spots are easy to exploit.","✓ Get you ranking #1-3 on Google Maps for your top 5 keywords
✓ Generate 30-50 authentic 5-star reviews in 90 days (100% legitimate)
✓ Fix the website technical issues causing 60% of visitors to leave
✓ Set up conversion tracking so you know exactly how many customers come from Google
✓ Create a review automation system that runs on autopilot","I guarantee in 90 days: Top 3 Google Maps ranking for at least 3 of your main keywords, minimum 30 new authentic reviews, and at least 15 trackable leads from Google - or you pay absolutely nothing. No contracts, cancel anytime.","I only work with one Aesthetics per area. I've been in discussions with Anastasia Medical, but honestly, I think Tiam Spa Aesthetics & Wellness has more potential. I need to make a decision by Friday.","Reply ""SHOW ME"" and I'll send a 5-minute video breaking down exactly what Anastasia Medical is doing to beat you, and the 3 quick fixes that would put Tiam Spa Aesthetics & Wellness on top. No sales call - just watch the video and decide if it makes sense.","P.S. While Tiam Spa Aesthetics & Wellness stays stuck at 159 reviews, Anastasia Medical is actively growing. The gap widens every month.",50,Low - Maintenance,Local - VA
Aura Medical Spa,julia.buliga@aura-medspa.com,Julia,Buliga,+17037127183,aura-medspa.com,Vienna,VA,4.8,279,Milani MedSpa,Milani MedSpa,369,Hi Julia,"Julia, saw Aura Medical Spa online...","I was researching Medical Spa in Vienna for a client project, and I noticed something concerning about Aura Medical Spa's online presence compared to Milani MedSpa.","Aura Medical Spa should be the obvious choice for Medical Spa in Vienna, but online visibility gaps are sending those customers elsewhere. Small fixes could bring 20-30 new customers monthly.","I did a quick analysis: Milani MedSpa gets 3x more visibility than you for high-intent searches. They're not better - they just optimized their Google presence. The good news? Their weak spots are easy to exploit.","✓ Get you ranking #1-3 on Google Maps for your top 5 keywords
✓ Generate 30-50 authentic 5-star reviews in 90 days (100% legitimate)
✓ Fix the website technical issues causing 60% of visitors to leave
✓ Set up conversion tracking so you know exactly how many customers come from Google
✓ Create a review automation system that runs on autopilot","I guarantee in 90 days: Top 3 Google Maps ranking for at least 3 of your main keywords, minimum 30 new authentic reviews, and at least 15 trackable leads from Google - or you pay absolutely nothing. No contracts, cancel anytime.","I only work with one Medical Spa per area. I've been in discussions with Milani MedSpa, but honestly, I think Aura Medical Spa has more potential. I need to make a decision by Friday.","Reply ""SHOW ME"" and I'll send a 5-minute video breaking down exactly what Milani MedSpa is doing to beat you, and the 3 quick fixes that would put Aura Medical Spa on top. No sales call - just watch the video and decide if it makes sense.","P.S. While Aura Medical Spa stays stuck at 279 reviews, Milani MedSpa is actively growing. The gap widens every month.",50,Low - Maintenance,Local - VA
Vivia Center MedSpa,contact@viviaconcierge.com,Katherine,Moritz,+17035568882,viviacenter.com,McLean,VA,4.2,127,Anastasia Medical Aesthetics,Anastasia Medical,325,Hi Katherine,"Katherine, saw Vivia Center MedSpa online...","I was researching Medical Spa in McLean for a client project, and I noticed something concerning about Vivia Center MedSpa's online presence compared to Anastasia Medical Aesthetics.","Here's what's happening: Anastasia Medical Aesthetics shows up for nearly every search while Vivia Center MedSpa is buried on page 2 or 3. They have 325 reviews to your 127, so Google assumes they're more trustworthy. Even when someone searches for YOUR business by name, Anastasia Medical often appears right next to you.","I did a quick analysis: Anastasia Medical gets 3x more visibility than you for high-intent searches. They're not better - they just optimized their Google presence. The good news? Their weak spots are easy to exploit.","✓ Get you ranking #1-3 on Google Maps for your top 5 keywords
✓ Generate 30-50 authentic 5-star reviews in 90 days (100% legitimate)
✓ Fix the website technical issues causing 60% of visitors to leave
✓ Set up conversion tracking so you know exactly how many customers come from Google
✓ Create a review automation system that runs on autopilot","I guarantee in 90 days: Top 3 Google Maps ranking for at least 3 of your main keywords, minimum 30 new authentic reviews, and at least 15 trackable leads from Google - or you pay absolutely nothing. No contracts, cancel anytime.","I only work with one Medical Spa per area. I've been in discussions with Anastasia Medical, but honestly, I think Vivia Center MedSpa has more potential. I need to make a decision by Friday.","Reply ""SHOW ME"" and I'll send a 5-minute video breaking down exactly what Anastasia Medical is doing to beat you, and the 3 quick fixes that would put Vivia Center MedSpa on top. No sales call - just watch the video and decide if it makes sense.","P.S. While Vivia Center MedSpa stays stuck at 127 reviews, Anastasia Medical is actively growing. The gap widens every month.",50,Low - Maintenance,Local - VA
Mediclear SkinLab & Weight Loss,mediclear.skinlab@gmail.com,Mediclear,Skin,+17039561337,mediclearskinlab.com,McLean,VA,5.0,104,Skin & Laser Dermatology Center McLean,Skin &,442,Hi Mediclear,"Mediclear, Skin & has 442 reviews to your 104","I was researching Other in McLean for a client project, and I noticed something concerning about Mediclear SkinLab & Weight Loss's online presence compared to Skin & Laser Dermatology Center McLean.","Here's what's happening: Skin & Laser Dermatology Center McLean shows up for nearly every search while Mediclear SkinLab & Weight Loss is buried on page 2 or 3. They have 442 reviews to your 104, so Google assumes they're more trustworthy. Even when someone searches for YOUR business by name, Skin & often appears right next to you.","I did a quick analysis: Skin & gets 3x more visibility than you for high-intent searches. They're not better - they just optimized their Google presence. The good news? Their weak spots are easy to exploit.","✓ Get you ranking #1-3 on Google Maps for your top 5 keywords
✓ Generate 30-50 authentic 5-star reviews in 90 days (100% legitimate)
✓ Fix the website technical issues causing 60% of visitors to leave
✓ Set up conversion tracking so you know exactly how many customers come from Google
✓ Create a review automation system that runs on autopilot","I guarantee in 90 days: Top 3 Google Maps ranking for at least 3 of your main keywords, minimum 30 new authentic reviews, and at least 15 trackable leads from Google - or you pay absolutely nothing. No contracts, cancel anytime.","I only work with one business per area. I've been in discussions with Skin &, but honestly, I think Mediclear SkinLab & Weight Loss has more potential. I need to make a decision by Friday.","Reply ""SHOW ME"" and I'll send a 5-minute video breaking down exactly what Skin & is doing to beat you, and the 3 quick fixes that would put Mediclear SkinLab & Weight Loss on top. No sales call - just watch the video and decide if it makes sense.","P.S. While Mediclear SkinLab & Weight Loss stays stuck at 104 reviews, Skin & is actively growing. The gap widens every month.",50,Medium - Competitor Dominating,Local - VA
Generations Medical Aesthetics,info@gmalaser.com,,,+17033909343,gmalaser.com,Reston,VA,4.9,468,,competitor,,Hi there,"","I specialize in helping Aesthetics dominate their local market, and Generations Medical Aesthetics caught my attention as having massive untapped potential in Reston.","Generations Medical Aesthetics should be the obvious choice for Aesthetics in Reston, but online visibility gaps are sending those customers elsewhere. Small fixes could bring 20-30 new customers monthly.","Your competitors are using Google's healthcare-specific features (online booking, insurance info, Google Guaranteed badge) that Generations Medical Aesthetics isn't leveraging yet.","✓ Get you ranking #1-3 on Google Maps for your top 5 keywords
✓ Generate 30-50 authentic 5-star reviews in 90 days (100% legitimate)
✓ Fix the website technical issues causing 60% of visitors to leave
✓ Set up conversion tracking so you know exactly how many customers come from Google
✓ Create a review automation system that runs on autopilot","I guarantee in 90 days: Top 3 Google Maps ranking for at least 3 of your main keywords, minimum 30 new authentic reviews, and at least 15 trackable leads from Google - or you pay absolutely nothing. No contracts, cancel anytime.","I'm expanding into Reston and offering my proven system to just 5 businesses at 50% off my regular rate. Generations Medical Aesthetics would be ideal. Two spots are already tentatively booked.","Reply ""SHOW ME"" and I'll send a 5-minute video breaking down exactly what your competitors are doing to beat you, and the 3 quick fixes that would put Generations Medical Aesthetics on top. No sales call - just watch the video and decide if it makes sense.","P.S. I analyzed Generations Medical Aesthetics's Google presence - you're getting traffic but not converting. Quick fixes could 3x your leads from existing visitors.",50,Low - Maintenance,Local - VA
Dermestetics,helmonairy@dermestetics.com,Hebba,Elmonairy,+17036988162,dermestetics.com,Vienna,VA,4.8,1141,,competitor,,Hi Hebba,"Hebba, saw Dermestetics online...","I specialize in helping Other dominate their local market, and Dermestetics caught my attention as having massive untapped potential in Vienna.","Dermestetics should be the obvious choice for your services in Vienna, but online visibility gaps are sending those customers elsewhere. Small fixes could bring 20-30 new customers monthly.","Three competitors in Vienna are using simple Google strategies to dominate. Dermestetics could easily outrank them with the right approach.","✓ Get you ranking #1-3 on Google Maps for your top 5 keywords
✓ Generate 30-50 authentic 5-star reviews in 90 days (100% legitimate)
✓ Fix the website technical issues causing 60% of visitors to leave
✓ Set up conversion tracking so you know exactly how many customers come from Google
✓ Create a review automation system that runs on autopilot","I guarantee in 90 days: Top 3 Google Maps ranking for at least 3 of your main keywords, minimum 30 new authentic reviews, and at least 15 trackable leads from Google - or you pay absolutely nothing. No contracts, cancel anytime.","I'm taking on 3 Northern Virginia clients this quarter. Dermestetics would be perfect, but I have 7 businesses interested. First come, first served.","Reply ""SHOW ME"" and I'll send a 5-minute video breaking down exactly what your competitors are doing to beat you, and the 3 quick fixes that would put Dermestetics on top. No sales call - just watch the video and decide if it makes sense.","P.S. I analyzed Dermestetics's Google presence - you're getting traffic but not converting. Quick fixes could 3x your leads from existing visitors.",50,Low - Maintenance,Local - VA
TLC Medispa,info@tlcmedispa.com,Jennifer,Shepard,+17033563636,tlcmedispa.com,McLean,VA,4.9,87,Anastasia Medical Aesthetics,Anastasia Medical,325,Hi Jennifer,"Jennifer, Anastasia Medical has 325 reviews to your 87","I was researching Medical Spa in McLean for a client project, and I noticed something concerning about TLC Medispa's online presence compared to Anastasia Medical Aesthetics.","Here's what's happening: Anastasia Medical Aesthetics shows up for nearly every search while TLC Medispa is buried on page 2 or 3. They have 325 reviews to your 87, so Google assumes they're more trustworthy. Even when someone searches for YOUR business by name, Anastasia Medical often appears right next to you.","I did a quick analysis: Anastasia Medical gets 3x more visibility than you for high-intent searches. They're not better - they just optimized their Google presence. The good news? Their weak spots are easy to exploit.","✓ Get you ranking #1-3 on Google Maps for your top 5 keywords
✓ Generate 30-50 authentic 5-star reviews in 90 days (100% legitimate)
✓ Fix the website technical issues causing 60% of visitors to leave
✓ Set up conversion tracking so you know exactly how many customers come from Google
✓ Create a review automation system that runs on autopilot","I guarantee in 90 days: Top 3 Google Maps ranking for at least 3 of your main keywords, minimum 30 new authentic reviews, and at least 15 trackable leads from Google - or you pay absolutely nothing. No contracts, cancel anytime.","I only work with one Medical Spa per area. I've been in discussions with Anastasia Medical, but honestly, I think TLC Medispa has more potential. I need to make a decision by Friday.","Reply ""SHOW ME"" and I'll send a 5-minute video breaking down exactly what Anastasia Medical is doing to beat you, and the 3 quick fixes that would put TLC Medispa on top. No sales call - just watch the video and decide if it makes sense.","P.S. While TLC Medispa stays stuck at 87 reviews, Anastasia Medical is actively growing. The gap widens every month.",50,Medium - Needs Growth,Local - VA
Milani MedSpa,Mahsa@MilaniMedspa.com,Kavian,Milani,+17038225560,milanimedspa.com,Vienna,VA,4.9,369,,competitor,,Hi Kavian,"Kavian, saw Milani MedSpa online...","I specialize in helping Medical Spa dominate their local market, and Milani MedSpa caught my attention as having massive untapped potential in Vienna.","Milani MedSpa should be the obvious choice for Medical Spa in Vienna, but online visibility gaps are sending those customers elsewhere. Small fixes could bring 20-30 new customers monthly.","Your competitors are using Google's healthcare-specific features (online booking, insurance info, Google Guaranteed badge) that Milani MedSpa isn't leveraging yet.","✓ Get you ranking #1-3 on Google Maps for your top 5 keywords
✓ Generate 30-50 authentic 5-star reviews in 90 days (100% legitimate)
✓ Fix the website technical issues causing 60% of visitors to leave
✓ Set up conversion tracking so you know exactly how many customers come from Google
✓ Create a review automation system that runs on autopilot","I guarantee in 90 days: Top 3 Google Maps ranking for at least 3 of your main keywords, minimum 30 new authentic reviews, and at least 15 trackable leads from Google - or you pay absolutely nothing. No contracts, cancel anytime.","I'm taking on 3 Northern Virginia clients this quarter. Milani MedSpa would be perfect, but I have 7 businesses interested. First come, first served.","Reply ""SHOW ME"" and I'll send a 5-minute video breaking down exactly what your competitors are doing to beat you, and the 3 quick fixes that would put Milani MedSpa on top. No sales call - just watch the video and decide if it makes sense.","P.S. I analyzed Milani MedSpa's Google presence - you're getting traffic but not converting. Quick fixes could 3x your leads from existing visitors.",50,Low - Maintenance,Local - VA
ARIA Medi Spa,yoga@ariamedispa.com,,,,,Ashburn,VA,4.7,716,,competitor,,Hi there,"","I specialize in helping Medical Spa dominate their local market, and ARIA Medi Spa caught my attention as having massive untapped potential in Ashburn.","ARIA Medi Spa should be the obvious choice for Medical Spa in Ashburn, but online visibility gaps are sending those customers elsewhere. Small fixes could bring 20-30 new customers monthly.","Your competitors are using Google's healthcare-specific features (online booking, insurance info, Google Guaranteed badge) that ARIA Medi Spa isn't leveraging yet.","✓ Get you ranking #1-3 on Google Maps for your top 5 keywords
✓ Generate 30-50 authentic 5-star reviews in 90 days (100% legitimate)
✓ Fix the missing website that's costing you 40% of potential customers
✓ Set up conversion tracking so you know exactly how many customers come from Google
✓ Create a review automation system that runs on autopilot","I guarantee in 90 days: Top 3 Google Maps ranking for at least 3 of your main keywords, minimum 30 new authentic reviews, and at least 15 trackable leads from Google - or you pay absolutely nothing. No contracts, cancel anytime.","I'm taking on 3 Northern Virginia clients this quarter. ARIA Medi Spa would be perfect, but I have 7 businesses interested. First come, first served.","Reply ""SHOW ME"" and I'll send a 5-minute video breaking down exactly what your competitors are doing to beat you, and the 3 quick fixes that would put ARIA Medi Spa on top. No sales call - just watch the video and decide if it makes sense.","P.S. ARIA Medi Spa doesn't have a website on Google. You're losing 40% of potential customers who research before calling. This is the easiest fix.",50,Medium - No Website,Local - VA
Lux Laser & Skincare,info@luxlasercenter.com,,,+15713750189,luxlasercenter.com,Sterling,VA,4.9,309,,competitor,,Hi there,"","I specialize in helping Other dominate their local market, and Lux Laser & Skincare caught my attention as having massive untapped potential in Sterling.","Lux Laser & Skincare should be the obvious choice for your services in Sterling, but online visibility gaps are sending those customers elsewhere. Small fixes could bring 20-30 new customers monthly.","Three competitors in Sterling are using simple Google strategies to dominate. Lux Laser & Skincare could easily outrank them with the right approach.","✓ Get you ranking #1-3 on Google Maps for your top 5 keywords
✓ Generate 30-50 authentic 5-star reviews in 90 days (100% legitimate)
✓ Fix the website technical issues causing 60% of visitors to leave
✓ Set up conversion tracking so you know exactly how many customers come from Google
✓ Create a review automation system that runs on autopilot","I guarantee in 90 days: Top 3 Google Maps ranking for at least 3 of your main keywords, minimum 30 new authentic reviews, and at least 15 trackable leads from Google - or you pay absolutely nothing. No contracts, cancel anytime.","I'm expanding into Sterling and offering my proven system to just 5 businesses at 50% off my regular rate. Lux Laser & Skincare would be ideal. Two spots are already tentatively booked.","Reply ""SHOW ME"" and I'll send a 5-minute video breaking down exactly what your competitors are doing to beat you, and the 3 quick fixes that would put Lux Laser & Skincare on top. No sales call - just watch the video and decide if it makes sense.","P.S. I analyzed Lux Laser & Skincare's Google presence - you're getting traffic but not converting. Quick fixes could 3x your leads from existing visitors.",50,Low - Maintenance,Local - VA
Evexia Medspa,evexia@evexiamedspa.com,Madeline,David,+15712572549,evexiamedspa.com,McLean,VA,5.0,124,Anastasia Medical Aesthetics,Anastasia Medical,325,Hi Madeline,"Madeline, saw Evexia Medspa online...","I was researching Medical Spa in McLean for a client project, and I noticed something concerning about Evexia Medspa's online presence compared to Anastasia Medical Aesthetics.","Here's what's happening: Anastasia Medical Aesthetics shows up for nearly every search while Evexia Medspa is buried on page 2 or 3. They have 325 reviews to your 124, so Google assumes they're more trustworthy. Even when someone searches for YOUR business by name, Anastasia Medical often appears right next to you.","I did a quick analysis: Anastasia Medical gets 3x more visibility than you for high-intent searches. They're not better - they just optimized their Google presence. The good news? Their weak spots are easy to exploit.","✓ Get you ranking #1-3 on Google Maps for your top 5 keywords
✓ Generate 30-50 authentic 5-star reviews in 90 days (100% legitimate)
✓ Fix the website technical issues causing 60% of visitors to leave
✓ Set up conversion tracking so you know exactly how many customers come from Google
✓ Create a review automation system that runs on autopilot","I guarantee in 90 days: Top 3 Google Maps ranking for at least 3 of your main keywords, minimum 30 new authentic reviews, and at least 15 trackable leads from Google - or you pay absolutely nothing. No contracts, cancel anytime.","I only work with one Medical Spa per area. I've been in discussions with Anastasia Medical, but honestly, I think Evexia Medspa has more potential. I need to make a decision by Friday.","Reply ""SHOW ME"" and I'll send a 5-minute video breaking down exactly what Anastasia Medical is doing to beat you, and the 3 quick fixes that would put Evexia Medspa on top. No sales call - just watch the video and decide if it makes sense.","P.S. While Evexia Medspa stays stuck at 124 reviews, Anastasia Medical is actively growing. The gap widens every month.",50,Low - Maintenance,Local - VA
SL MedGlow Clinic,slmedglow@gmail.com,Ahmad,Noori,+17039979979,slmedglow.com,Vienna,VA,5.0,56,Dermestetics,Dermestetics,1141,Hi Ahmad,"Ahmad, Dermestetics has 1141 reviews to your 56","I was researching Other in Vienna for a client project, and I noticed something concerning about SL MedGlow Clinic's online presence compared to Dermestetics.","Here's what's happening: Dermestetics shows up for nearly every search while SL MedGlow Clinic is buried on page 2 or 3. They have 1141 reviews to your 56, so Google assumes they're more trustworthy. Even when someone searches for YOUR business by name, Dermestetics often appears right next to you.","I did a quick analysis: Dermestetics gets 3x more visibility than you for high-intent searches. They're not better - they just optimized their Google presence. The good news? Their weak spots are easy to exploit.","✓ Get you ranking #1-3 on Google Maps for your top 5 keywords
✓ Generate 30-50 authentic 5-star reviews in 90 days (100% legitimate)
✓ Fix the website technical issues causing 60% of visitors to leave
✓ Set up conversion tracking so you know exactly how many customers come from Google
✓ Create a review automation system that runs on autopilot","I guarantee in 90 days: Top 3 Google Maps ranking for at least 3 of your main keywords, minimum 30 new authentic reviews, and at least 15 trackable leads from Google - or you pay absolutely nothing. No contracts, cancel anytime.","I only work with one business per area. I've been in discussions with Dermestetics, but honestly, I think SL MedGlow Clinic has more potential. I need to make a decision by Friday.","Reply ""SHOW ME"" and I'll send a 5-minute video breaking down exactly what Dermestetics is doing to beat you, and the 3 quick fixes that would put SL MedGlow Clinic on top. No sales call - just watch the video and decide if it makes sense.","P.S. While SL MedGlow Clinic stays stuck at 56 reviews, Dermestetics is actively growing. The gap widens every month.",50,Medium - Needs Growth,Local - VA
Evolve Tysons MedSpa & Wellness Center,info@evolvetysons.com,Evolve,Tysons,+15713781880,evolvetysons.com,Vienna,VA,4.8,92,Milani MedSpa,Milani MedSpa,369,Hi Evolve,"Evolve, Milani MedSpa has 369 reviews to your 92","I was researching Medical Spa in Vienna for a client project, and I noticed something concerning about Evolve Tysons MedSpa & Wellness Center's online presence compared to Milani MedSpa.","Here's what's happening: Milani MedSpa shows up for nearly every search while Evolve Tysons MedSpa & Wellness Center is buried on page 2 or 3. They have 369 reviews to your 92, so Google assumes they're more trustworthy. Even when someone searches for YOUR business by name, Milani MedSpa often appears right next to you.","I did a quick analysis: Milani MedSpa gets 3x more visibility than you for high-intent searches. They're not better - they just optimized their Google presence. The good news? Their weak spots are easy to exploit.","✓ Get you ranking #1-3 on Google Maps for your top 5 keywords
✓ Generate 30-50 authentic 5-star reviews in 90 days (100% legitimate)
✓ Fix the website technical issues causing 60% of visitors to leave
✓ Set up conversion tracking so you know exactly how many customers come from Google
✓ Create a review automation system that runs on autopilot","I guarantee in 90 days: Top 3 Google Maps ranking for at least 3 of your main keywords, minimum 30 new authentic reviews, and at least 15 trackable leads from Google - or you pay absolutely nothing. No contracts, cancel anytime.","I only work with one Medical Spa per area. I've been in discussions with Milani MedSpa, but honestly, I think Evolve Tysons MedSpa & Wellness Center has more potential. I need to make a decision by Friday.","Reply ""SHOW ME"" and I'll send a 5-minute video breaking down exactly what Milani MedSpa is doing to beat you, and the 3 quick fixes that would put Evolve Tysons MedSpa & Wellness Center on top. No sales call - just watch the video and decide if it makes sense.","P.S. While Evolve Tysons MedSpa & Wellness Center stays stuck at 92 reviews, Milani MedSpa is actively growing. The gap widens every month.",50,Medium - Needs Growth,Local - VA
RxWellness Spine & Health,request@rxwellness.com,,,,,Ashburn,VA,5.0,640,Hair Story by Serap,Hair Story by Serap,817,Hi there,"","I was researching Other in Ashburn for a client project, and I noticed something concerning about RxWellness Spine & Health's online presence compared to Hair Story by Serap.","RxWellness Spine & Health should be the obvious choice for your services in Ashburn, but online visibility gaps are sending those customers elsewhere. Small fixes could bring 20-30 new customers monthly.","I did a quick analysis: Hair Story by Serap gets 3x more visibility than you for high-intent searches. They're not better - they just optimized their Google presence. The good news? Their weak spots are easy to exploit.","✓ Get you ranking #1-3 on Google Maps for your top 5 keywords
✓ Generate 30-50 authentic 5-star reviews in 90 days (100% legitimate)
✓ Fix the missing website that's costing you 40% of potential customers
✓ Set up conversion tracking so you know exactly how many customers come from Google
✓ Create a review automation system that runs on autopilot","I guarantee in 90 days: Top 3 Google Maps ranking for at least 3 of your main keywords, minimum 30 new authentic reviews, and at least 15 trackable leads from Google - or you pay absolutely nothing. No contracts, cancel anytime.","I only work with one business per area. I've been in discussions with Hair Story by Serap, but honestly, I think RxWellness Spine & Health has more potential. I need to make a decision by Friday.","Reply ""SHOW ME"" and I'll send a 5-minute video breaking down exactly what Hair Story by Serap is doing to beat you, and the 3 quick fixes that would put RxWellness Spine & Health on top. No sales call - just watch the video and decide if it makes sense.","P.S. RxWellness Spine & Health doesn't have a website on Google. You're losing 40% of potential customers who research before calling. This is the easiest fix.",50,Medium - No Website,Local - VA
Mountcastle Medical Spa & Laser Center,info@MountcastleMedicalSpa.com,,,,,Ashburn,VA,4.9,611,ARIA Medi Spa,ARIA Medi Spa,716,Hi there,"","I was researching Medical Spa in Ashburn for a client project, and I noticed something concerning about Mountcastle Medical Spa & Laser Center's online presence compared to ARIA Medi Spa.","Mountcastle Medical Spa & Laser Center should be the obvious choice for Medical Spa in Ashburn, but online visibility gaps are sending those customers elsewhere. Small fixes could bring 20-30 new customers monthly.","I did a quick analysis: ARIA Medi Spa gets 3x more visibility than you for high-intent searches. They're not better - they just optimized their Google presence. The good news? Their weak spots are easy to exploit.","✓ Get you ranking #1-3 on Google Maps for your top 5 keywords
✓ Generate 30-50 authentic 5-star reviews in 90 days (100% legitimate)
✓ Fix the missing website that's costing you 40% of potential customers
✓ Set up conversion tracking so you know exactly how many customers come from Google
✓ Create a review automation system that runs on autopilot","I guarantee in 90 days: Top 3 Google Maps ranking for at least 3 of your main keywords, minimum 30 new authentic reviews, and at least 15 trackable leads from Google - or you pay absolutely nothing. No contracts, cancel anytime.","I only work with one Medical Spa per area. I've been in discussions with ARIA Medi Spa, but honestly, I think Mountcastle Medical Spa & Laser Center has more potential. I need to make a decision by Friday.","Reply ""SHOW ME"" and I'll send a 5-minute video breaking down exactly what ARIA Medi Spa is doing to beat you, and the 3 quick fixes that would put Mountcastle Medical Spa & Laser Center on top. No sales call - just watch the video and decide if it makes sense.","P.S. Mountcastle Medical Spa & Laser Center doesn't have a website on Google. You're losing 40% of potential customers who research before calling. This is the easiest fix.",50,Medium - No Website,Local - VA
Blush Medi Spa,blushvirginia2023@gmail.com,,,,,Ashburn,VA,5.0,387,ARIA Medi Spa,ARIA Medi Spa,716,Hi there,"","I was researching Medical Spa in Ashburn for a client project, and I noticed something concerning about Blush Medi Spa's online presence compared to ARIA Medi Spa.","Blush Medi Spa should be the obvious choice for Medical Spa in Ashburn, but online visibility gaps are sending those customers elsewhere. Small fixes could bring 20-30 new customers monthly.","I did a quick analysis: ARIA Medi Spa gets 3x more visibility than you for high-intent searches. They're not better - they just optimized their Google presence. The good news? Their weak spots are easy to exploit.","✓ Get you ranking #1-3 on Google Maps for your top 5 keywords
✓ Generate 30-50 authentic 5-star reviews in 90 days (100% legitimate)
✓ Fix the missing website that's costing you 40% of potential customers
✓ Set up conversion tracking so you know exactly how many customers come from Google
✓ Create a review automation system that runs on autopilot","I guarantee in 90 days: Top 3 Google Maps ranking for at least 3 of your main keywords, minimum 30 new authentic reviews, and at least 15 trackable leads from Google - or you pay absolutely nothing. No contracts, cancel anytime.","I only work with one Medical Spa per area. I've been in discussions with ARIA Medi Spa, but honestly, I think Blush Medi Spa has more potential. I need to make a decision by Friday.","Reply ""SHOW ME"" and I'll send a 5-minute video breaking down exactly what ARIA Medi Spa is doing to beat you, and the 3 quick fixes that would put Blush Medi Spa on top. No sales call - just watch the video and decide if it makes sense.","P.S. Blush Medi Spa doesn't have a website on Google. You're losing 40% of potential customers who research before calling. This is the easiest fix.",50,Medium - No Website,Local - VA
Amy Aesthetics and Wellness,info@amyaesthetics.com,,,,,Ashburn,VA,5.0,357,ARIA Medi Spa,ARIA Medi Spa,716,Hi there,"","I was researching Aesthetics in Ashburn for a client project, and I noticed something concerning about Amy Aesthetics and Wellness's online presence compared to ARIA Medi Spa.","Here's what's happening: ARIA Medi Spa shows up for nearly every search while Amy Aesthetics and Wellness is buried on page 2 or 3. They have 716 reviews to your 357, so Google assumes they're more trustworthy. Even when someone searches for YOUR business by name, ARIA Medi Spa often appears right next to you.","I did a quick analysis: ARIA Medi Spa gets 3x more visibility than you for high-intent searches. They're not better - they just optimized their Google presence. The good news? Their weak spots are easy to exploit.","✓ Get you ranking #1-3 on Google Maps for your top 5 keywords
✓ Generate 30-50 authentic 5-star reviews in 90 days (100% legitimate)
✓ Fix the missing website that's costing you 40% of potential customers
✓ Set up conversion tracking so you know exactly how many customers come from Google
✓ Create a review automation system that runs on autopilot","I guarantee in 90 days: Top 3 Google Maps ranking for at least 3 of your main keywords, minimum 30 new authentic reviews, and at least 15 trackable leads from Google - or you pay absolutely nothing. No contracts, cancel anytime.","I only work with one Aesthetics per area. I've been in discussions with ARIA Medi Spa, but honestly, I think Amy Aesthetics and Wellness has more potential. I need to make a decision by Friday.","Reply ""SHOW ME"" and I'll send a 5-minute video breaking down exactly what ARIA Medi Spa is doing to beat you, and the 3 quick fixes that would put Amy Aesthetics and Wellness on top. No sales call - just watch the video and decide if it makes sense.","P.S. Amy Aesthetics and Wellness doesn't have a website on Google. You're losing 40% of potential customers who research before calling. This is the easiest fix.",50,Medium - No Website,Local - VA
Mountcastle Plastic Surgery & Vein Institute,timothy.mountcastle@gmail.com,,,,,Ashburn,VA,4.9,683,Hair Story by Serap,Hair Story by Serap,817,Hi there,"","I was researching Other in Ashburn for a client project, and I noticed something concerning about Mountcastle Plastic Surgery & Vein Institute's online presence compared to Hair Story by Serap.","Mountcastle Plastic Surgery & Vein Institute should be the obvious choice for your services in Ashburn, but online visibility gaps are sending those customers elsewhere. Small fixes could bring 20-30 new customers monthly.","I did a quick analysis: Hair Story by Serap gets 3x more visibility than you for high-intent searches. They're not better - they just optimized their Google presence. The good news? Their weak spots are easy to exploit.","✓ Get you ranking #1-3 on Google Maps for your top 5 keywords
✓ Generate 30-50 authentic 5-star reviews in 90 days (100% legitimate)
✓ Fix the missing website that's costing you 40% of potential customers
✓ Set up conversion tracking so you know exactly how many customers come from Google
✓ Create a review automation system that runs on autopilot","I guarantee in 90 days: Top 3 Google Maps ranking for at least 3 of your main keywords, minimum 30 new authentic reviews, and at least 15 trackable leads from Google - or you pay absolutely nothing. No contracts, cancel anytime.","I only work with one business per area. I've been in discussions with Hair Story by Serap, but honestly, I think Mountcastle Plastic Surgery & Vein Institute has more potential. I need to make a decision by Friday.","Reply ""SHOW ME"" and I'll send a 5-minute video breaking down exactly what Hair Story by Serap is doing to beat you, and the 3 quick fixes that would put Mountcastle Plastic Surgery & Vein Institute on top. No sales call - just watch the video and decide if it makes sense.","P.S. Mountcastle Plastic Surgery & Vein Institute doesn't have a website on Google. You're losing 40% of potential customers who research before calling. This is the easiest fix.",50,Medium - No Website,Local - VA